movie_names,production_company,movie_imdb_id
Shadow in the Cloud,Vertical Entertainment,tt9691136
The White Tiger,Netflix,tt6571548
Locked Down,HBO Max / Warner Bros. Pictures,tt13061914
The Dig,Netflix / Clerkenwell Films,tt3661210
Outside the Wire,Netflix,tt10451914
The Marksman,Open Road Films,tt6902332
The Ultimate Playlist of Noise,Hulu,tt11268742
American Skin,Vertical Entertainment,tt10195452
Don't Tell a Soul,Lionsgate / Saban Films,tt8046498
Our Friend,Gravitas Ventures / Black Bear Pictures,tt9608818
No Man's Land,IFC Films,tt0119164
Born a Champion,Lionsgate,tt10661710
Wrong Turn,Saban Films / Constantin Film,tt9110170
Penguin Bloom,Netflix / Roadshow Films,tt6317656
The Little Things,Warner Bros. Pictures / Gran Via Productions / HBO Max,tt10016180
Finding <U+02BB>Ohana,Netflix,tt10332588
Nomadland,Searchlight Pictures / Hulu,tt9770150
Malcolm & Marie,Netflix,tt12676326
Palmer,Apple TV+,tt6857376
Falling,Quiver Distribution,tt9143112
Bliss,Amazon Studios,tt10333426
Little Fish,IFC Films / Black Bear Pictures,tt9735470
Son of the South,Vertical Entertainment,tt2235372
PVT Chat,Dark Star Pictures,tt8110004
Music,Vertical Entertainment,tt7541720
Judas and the Black Messiah,Warner Bros. Pictures / Participant / Bron Creative / HBO Max,tt9784798
The Mauritanian,STXfilms / Topic Studios / BBC Film,tt4761112
Breaking News in Yuba County,American International Pictures / AGC Studios / Nine Stories Productions,tt7737640
Barb and Star Go to Vista Del Mar,Lionsgate / Gloria Sanchez Productions,tt3797512
Minari,A24 / Plan B Entertainment,tt10633456
To All the Boys: Always and Forever,Netflix,tt10676012
The World to Come,Bleecker Street / Ingenious Media,tt9738716
French Exit,Sony Pictures Classics,tt10279362
Land,Focus Features / Big Beach,tt10265034
Willy's Wonderland,Screen Media Films,tt8114980
The Map of Tiny Perfect Things,Amazon Studios,tt11080108
Fear of Rain,Lionsgate,tt10037014
I Care a Lot,Netflix / Amazon Studios / STXfilms / Black Bear Pictures,tt9893250
Flora & Ulysses,Disney+ / Walt Disney Pictures,tt8521736
Silk Road,Lionsgate,tt7937254
Tom & Jerry,Warner Bros. Pictures / Warner Animation Group / HBO Max,tt1361336
The United States vs. Billie Holiday,Hulu / Roth/Kirschenbaum Films,tt8521718
Cherry,Apple TV+ / AGBO,tt9130508
Crisis,Quiver Distribution,tt9731682
Billie Eilish: The World's a Little Blurry,Neon / Apple TV+,tt11459366
The Vigil,IFC Midnight / Blumhouse Productions,tt10793644
Moxie,Netflix,tt6432466
Coming 2 America,Amazon Studios / Paramount Pictures,tt6802400
The SpongeBob Movie: Sponge on the Run,Paramount+ / Paramount Animation / Nickelodeon Movies / MRC,tt4823776
Raya and the Last Dragon,Walt Disney Pictures / Walt Disney Animation Studios / Disney+,tt5109280
Chaos Walking,Lionsgate / Bron Creative / 3 Arts Entertainment,tt2076822
Boss Level,Hulu / Ingenious Media,tt7638348
Boogie,Focus Features,tt10896398
Yes Day,Netflix,tt8521876
Long Weekend,Stage 6 Films,tt11020728
Cosmic Sin,Saban Films,tt11762434
Trust,Vertical Entertainment,tt3986420
Zack Snyder's Justice League,HBO Max / Warner Bros. Pictures / DC Films / Atlas Entertainment / The Stone Quarry,tt12361974
The Courier,Roadside Attractions / FilmNation Entertainment,tt8368512
City of Lies,Saban Films / Miramax,tt2677722
Happily,Saban Films,tt9849004
Nobody,Universal Pictures / Perfect World Pictures / 87North Productions,tt7888964
Bad Trip,Netflix / Orion Pictures,tt9684220
The Seventh Day,Vertical Entertainment / Voltage Pictures,tt11263022
Senior Moment,Screen Media Films,tt6588950
Godzilla vs. Kong,Warner Bros. Pictures / Legendary Entertainment / HBO Max,tt5034838
Concrete Cowboy,Netflix,tt8846176
The Unholy,Screen Gems / Ghost House Pictures,tt9419056
Every Breath You Take,Vertical Entertainment,tt2231874
Shiva Baby,Utopia,tt11317142
The Girl Who Believes in Miracles,Atlas Distribution Company,tt9098454
The Believer,Freestyle Releasing,tt0247199
Dawn of the Beast,Uncork'd Entertainment,tt13430932
Voyagers,Lionsgate / AGC Studios / Thunder Road Films / Ingenious Media,tt9664108
Thunder Force,Netflix,tt10121392
Arlo the Alligator Boy,"Netflix / Netflix Animation / Titmouse, Inc.",tt13454122
Monday,IFC Films,tt8884906
In the Earth,Neon,tt13429362
Stowaway,Netflix / XYZ Films,tt9203694
Mortal Kombat,Warner Bros. Pictures / New Line Cinema / Atomic Monster Productions / HBO Max,tt0293429
The Mitchells vs. the Machines,Netflix / Columbia Pictures / Sony Pictures Animation,tt7979580
Vanquish,Lionsgate,tt5932368
Together Together,Bleecker Street,tt11285280
We Broke Up,Vertical Entertainment,tt11867884
The Deep Ones,123 Go Films,tt11548850
Things Heard & Seen,Netflix / Likely Story,tt10962368
Without Remorse,Amazon Studios / Paramount Pictures / Skydance Media,tt0499097
The Virtuoso,Lionsgate,tt4136456
Four Good Days,Vertical Entertainment,tt10344522
Separation,Open Road Films / Briarcliff Entertainment,tt9173154
The Resort,Vertical Entertainment,tt12163074
Wrath of Man,Metro-Goldwyn-Mayer / Miramax,tt11083552
Monster,Netflix / Bron Creative,tt0340855
The Paper Tigers,Well Go USA Entertainment,tt6060444
Mainstream,IFC Films / American Zoetrope,tt9224288
The Water Man,RLJE Films,tt4779326
Here Today,Stage 6 Films,tt10944596
Above Suspicion,Lionsgate,tt5688068
Reboot Camp,Freestyle Releasing,tt11111286
Benny Loves You,Epic Pictures Group,tt3917506
Oxygen,Netflix,tt6341832
Army of the Dead,Netflix / The Stone Quarry,tt0993840
Those Who Wish Me Dead,Warner Bros. Pictures / New Line Cinema / Bron Creative / HBO Max,tt3215824
The Woman in the Window,Netflix / 20th Century Studios / Fox 2000 Pictures,tt6111574
Spiral,Lionsgate / Twisted Pictures,tt10342730
Georgetown,Vertical Entertainment,tt4669252
Finding You,Roadside Attractions,tt8760280
The Killing of Two Lovers,Neon,tt10702148
616 Wilford Lane,Indican Pictures,tt10225926
Dream Horse,Bleecker Street / Topic Studios / Film4 / Ingenious Media,tt9883996
Blast Beat,Stage 6 Films / Vertical Entertainment,tt10767066
A Quiet Place Part II,Paramount Pictures / Platinum Dunes / Sunday Night Productions,tt8332922
Cruella,Walt Disney Pictures / Disney+,tt3228774
Plan B,Hulu,tt13172796
Changing the Game,Hulu,tt10011320
Spirit Untamed,Universal Pictures / DreamWorks Animation,tt11084896
The Conjuring: The Devil Made Me Do It,Warner Bros. Pictures / New Line Cinema / HBO Max,tt7069210
Flashback,Lionsgate,tt8372094
Under the Stadium Lights,Film Bridge International / Saban Films,tt6384920
Grace and Grit,Quiver Distribution,tt3910630
Awake,Netflix / Entertainment One,tt10418662
In the Heights,Warner Bros. Pictures / Likely Story / Endeavor Content / HBO Max,tt1321510
Infinite,Paramount+ / Paramount Pictures,tt6654210
Peter Rabbit 2: The Runaway,Columbia Pictures / MRC / Animal Logic,tt8376234
Wish Dragon,Netflix / Columbia Pictures / Sony Pictures Animation / Tencent Pictures,tt5562070
The Misfits,The Avenue Entertainment,tt4876134
12 Mighty Orphans,Sony Pictures Classics,tt8482584
The House Next Door: Meet the Blacks 2,Lionsgate,tt7524444
Queen Bees,Gravitas Ventures,tt8338076
DOMINO: Battle of the Bones,Dow Jazz Films,tt10160896
Hitman's Wife's Bodyguard,Lionsgate / Summit Entertainment / Millennium Media,tt8385148
Luca,Disney+ / Walt Disney Pictures / Pixar Animation Studios,tt12801262
Fatherhood,Netflix / Columbia Pictures / Bron Creative,tt4733624
The Birthday Cake,Screen Media Films,tt10719958
Rita Moreno: Just a Girl Who Decided to Go for It,Roadside Attractions,tt10741846
The Sparks Brothers,Focus Features / MRC,tt8610436
Truman & Tennessee: An Intimate Conversation,Fischio Films / Peaceable Assembly,tt13016030
Stalker,Vertical Entertainment,tt0079944
Love Spreads,Dignity Film Finance / Film Shed,tt11777510
A Crime on the Bayou,Shout! Studios,tt10837932
Good on Paper,Netflix / Universal Pictures,tt8231668
F9,Universal Pictures / Original Film / One Race Films / Roth/Kirschenbaum Films,tt5433138
The Ice Road,Netflix,tt3758814
Werewolves Within,IFC Films / Ubisoft Film & Television,tt9288692
False Positive,A24 / Hulu,tt10096842
Lansky,Vertical Entertainment,tt5078852
I Carry You with Me,Sony Pictures Classics / Stage 6 Films,tt11388990
Mary J. Blige's My Life,Amazon Studios,tt11383348
Fathom,Apple TV+,tt3741700
Rollers,Level 33 Entertainment,tt9124868
America: The Motion Picture,Netflix / Floyd County Productions,tt6733874
Zola,A24,tt5439812
No Sudden Move,HBO Max / Warner Bros. Pictures,tt11525644
The Tomorrow War,Amazon Studios / Skydance Media / Paramount Pictures,tt9777666
The Boss Baby: Family Business,Universal Pictures / DreamWorks Animation / Peacock,tt6932874
The Forever Purge,Universal Pictures / Platinum Dunes / Blumhouse Productions,tt10327252
Fear Street Part One: 1994,Netflix / Chernin Entertainment,tt6566576
Summer of Soul,Searchlight Pictures / Hulu,tt11422728
Till Death,Screen Media Films / Millennium Films,tt11804152
Let Us In,Samuel Goldwyn Films,tt10533804
Black Widow,Marvel Studios / Disney+,tt3480822
Fear Street Part Two: 1978,Netflix / Chernin Entertainment,tt9701940
Summertime,Good Deed Entertainment,tt4080768
Gunpowder Milkshake,Netflix / StudioCanal / STXfilms / The Picture Company,tt8368408
Space Jam: A New Legacy,Warner Bros. Pictures / Warner Animation Group / HBO Max,tt3554046
Escape Room: Tournament of Champions,Columbia Pictures / Original Film,tt9844522
Fear Street Part Three: 1666,Netflix / Chernin Entertainment,tt9701942
Die in a Gunfight,Lionsgate,tt1697800
Pig,Neon / Endeavour Content,tt11003218
Out of Death,Vertical Entertainment,tt12528166
Roadrunner: A Film About Anthony Bourdain,Focus Features,tt14512538
How It Ends,American International Pictures,tt5246700
Trollhunters: Rise of the Titans,Netflix / DreamWorks Animation,tt12851396
Snake Eyes,Paramount Pictures / Metro-Goldwyn-Mayer / Skydance Media / Entertainment One,tt8404256
Old,Universal Pictures / Perfect World Pictures / Blinding Edge Pictures,tt10954652
Joe Bell,Roadside Attractions / Nine Stories Productions,tt4651466
Jolt,Amazon Studios / Millennium Media,tt10228134
Midnight in the Switchgrass,Lionsgate,tt11656220
Broken Diamonds,FilmRise / Black Label Media,tt6484398
Val,Amazon Studios / A24,tt14731254
Ailey,Neon,tt13622084
Jungle Cruise,Walt Disney Pictures / Davis Entertainment / Seven Bucks Productions / Disney+,tt0870154
Vivo,Netflix / Columbia Pictures / Sony Pictures Animation,tt6338498
Stillwater,Focus Features / DreamWorks Pictures / Participant,tt10696896
The Green Knight,A24 / Bron Creative,tt9243804
Nine Days,Sony Pictures Classics,tt10451852
Ride the Eagle,Decal / JTJ Films,tt14673560
The Evening Hour,Strand Releasing,tt5554356
Lorelei,Vertical Entertainment,tt6461318
Enemies of the State,IFC Films,tt10388028
The Suicide Squad,Warner Bros. Pictures / DC Films / Atlas Entertainment / HBO Max,tt6334354
Naked Singularity,Screen Media Films / Scott Free Productions,tt9598214
John and the Hole,IFC Films,tt11307724
Playing God,Vertical Entertainment,tt8371236
Swan Song,Magnolia Pictures,tt13207508
She Ball,Redbox Entertainment,tt7768784
The Kissing Booth 3,Netflix,tt12783454
Homeroom,Hulu,tt13622168
Free Guy,20th Century Studios / 21 Laps Entertainment / Maximum Effort / TSG Entertainment,tt6264654
Respect,Metro-Goldwyn-Mayer / Bron Creative,tt2452150
Beckett,Netflix / Rai Cinema,tt10230994
Don't Breathe 2,Screen Gems / Stage 6 Films / Ghost House Pictures,tt6246322
CODA,Apple TV+ / Pathé Films,tt10366460
Not Going Quietly,Greenwich Entertainment,tt11905538
PAW Patrol: The Movie,Paramount Pictures / Nickelodeon Movies / Paramount+,tt11832046
Reminiscence,Warner Bros. Pictures / FilmNation Entertainment / HBO Max,tt3272066
The Protégé,Lionsgate / Millennium Media / Ingenious Media,tt6079772
Sweet Girl,Netflix,tt10731768
The Loud House Movie,Netflix Animation / Nickelodeon Movies,tt6714432
The Night House,Searchlight Pictures / TSG Entertainment,tt9731534
Flag Day,Metro-Goldwyn-Mayer,tt2304637
Cryptozoo,Magnolia Pictures,tt13622118
Habit,Lionsgate / Voltage Pictures,tt11788956
Demonic,IFC Midnight / AGC Studios,tt13392012
Risen,Vertical Entertainment,tt3231054
The Witcher: Nightmare of the Wolf,Netflix / Studio Mir,tt11657662
Really Love,Netflix,tt8722624
Candyman,Universal Pictures / Metro-Goldwyn-Mayer / Bron Creative / Monkeypaw Productions,tt9347730
Vacation Friends,Hulu / 20th Century Studios,tt3626476
He's All That,Netflix / Miramax,tt4590256
No Man of God,RLJE Films,tt13507778
Rushed,Vertical Entertainment,tt10430850
Afterlife of the Party,Netflix,tt11742798
Shang-Chi and the Legend of the Ten Rings,Marvel Studios,tt9376612
Cinderella,Amazon Studios / Sony Pictures / Fulwell 73,tt1661199
Worth,Netflix,tt8009744
The Gateway,Lionsgate,tt10207710
Wild Indian,Vertical Entertainment,tt11433048
We Need to Do Something,IFC Films,tt13363828
Kate,Netflix / 87North Productions,tt7737528
Everybody's Talking About Jamie,Amazon Studios / Regency Enterprises / Film4,tt8635092
Malignant,Warner Bros. Pictures / New Line Cinema / HBO Max,tt3811906
Queenpins,STXfilms / AGC Studios,tt9054192
The Card Counter,Focus Features,tt11196036
Come from Away,Apple TV+ / Entertainment One,tt7638556
The Voyeurs,Amazon Studios,tt11235772
Small Engine Repair,Vertical Entertainment,tt9789042
Language Lessons,Shout! Studios,tt14031338
Show Me the Father,Affirm Films,tt14769324
Catch the Bullet,Lionsgate,tt11833710
Dating and New York,IFC Films,tt10926320
Bad Candy,Dread,tt6561576
Generation Wrecks,Futuregraph Entertainment,tt10042868
My Son,Peacock / STXfilms,tt13234058
Nightbooks,Netflix / Ghost House Pictures,tt10521144
The Starling,Netflix / Entertainment One,tt5164438
The Eyes of Tammy Faye,Searchlight Pictures / Freckle Films / MWM Studios,tt9115530
Cry Macho,Warner Bros. Pictures / Malpaso Productions / HBO Max,tt1924245
Copshop,Open Road Films,tt5748448
Blue Bayou,Focus Features / Entertainment One,tt3480822
Prisoners of the Ghostland,RLJE Films,tt6372694
Best Sellers,Screen Media Films,tt10339052
Lady of the Manor,Lionsgate,tt11826450
The Nowhere Inn,IFC Films / Topic Studios,tt10441822
My Name is Pauli Murray,Amazon Studios / Participant,tt11092594
The Killing of Kenneth Chamberlain,Gravitas Ventures,tt8906722
Intrusion,Netflix,tt5563324
My Little Pony: A New Generation,Netflix / Entertainment One / Boulder Media,tt10101702
Dear Evan Hansen,Universal Pictures / Perfect World Pictures,tt9357050
The Guilty,Netflix / Bold Films / Nine Stories Productions,tt9421570
Birds of Paradise,Amazon Studios,tt11771006
After We Fell,Voltage Pictures,tt13069986
Venom: Let There Be Carnage,Columbia Pictures / Marvel Entertainment / Tencent Pictures,tt7097896
The Many Saints of Newark,Warner Bros. Pictures / New Line Cinema / HBO Films / HBO Max,tt8110232
The Addams Family 2,Metro-Goldwyn-Mayer / Bron Creative,tt11125620
Bingo Hell,Amazon Studios / Blumhouse Television,tt13372992
Black as Night,Amazon Studios / Blumhouse Television,tt13372884
Old Henry,Shout! Studios,tt12731980
The Jesus Music,Lionsgate,tt14857602
Mayday,Magnolia Pictures,tt0386950
God's Not Dead: We the People,Pinnacle Peak Pictures,tt14578032
There's Someone Inside Your House,Netflix / 21 Laps Entertainment,tt8150814
No Time to Die,Metro-Goldwyn-Mayer / Eon Productions,tt2382320
Mass,Bleecker Street,tt11389748
South of Heaven,RLJE Films,tt11284502
The Manor,Amazon Studios / Blumhouse Television,tt13372794
Madres,Amazon Studios / Blumhouse Television,tt13372944
Justin Bieber: Our World,Amazon Studios,tt15385930
Halloween Kills,Universal Pictures / Miramax / Blumhouse Productions / Peacock,tt10665338
The Last Duel,20th Century Studios / Scott Free Productions / Pearl Street Films,tt4244994
Needle in a Timestack,Lionsgate / Bron Studios,tt7099280
Hard Luck Love Song,Roadside Attractions,tt8709338
"Introducing, Selma Blair",Discovery+ / LD Entertainment,tt14030526
The Velvet Underground,Apple TV+ / PolyGram Entertainment,tt7230750
Night Teeth,Netflix,tt10763820
Dune,Warner Bros. Pictures / Legendary Entertainment / HBO Max,tt1160419
Ron's Gone Wrong,20th Century Studios / Locksmith Animation / TSG Entertainment,tt7504818
The French Dispatch,Searchlight Pictures / Indian Paintbrush,tt8847712
The Harder They Fall,Netflix,tt10696784
The Electrical Life of Louis Wain,Amazon Studios / StudioCanal / Film4,tt10687506
Warning,Lionsgate,tt8956324
Passing,Netflix / Film4 / Gamechanger Films / Endeavor Content,tt8893974
Hypnotic,Netflix,tt12383460
Antlers,Searchlight Pictures / TSG Entertainment,tt7740510
Army of Thieves,Netflix / The Stone Quarry,tt13024674
A Mouthful of Air,Stage 6 Films,tt10925852
The Souvenir Part II,A24 / BBC Film,tt6992978
Paranormal Activity: Next of Kin,Paramount+ / Paramount Players / Blumhouse Productions,tt10515988
The Spine of Night,RLJE Films / Shudder,tt3885422
Violet,Relativity Media,tt2357547
Heart of Champions,Vertical Entertainment,tt10314548
Eternals,Marvel Studios,tt9032400
Red Notice,Netflix / Flynn Picture Company / Seven Bucks Productions,tt7991608
Finch,Apple TV+ / Amblin Entertainment / Walden Media / ImageMovers,tt3420504
Spencer,Neon / Topic Studios / FilmNation Entertainment,tt12536294
Dangerous,Lionsgate,tt3876910
Love Hard,Netflix,tt10752004
The Beta Test,IFC Films,tt11738830
Clifford the Big Red Dog,Paramount Pictures / Entertainment One / Paramount+,tt2397461
"Tick, Tick... Boom!",Netflix / Imagine Entertainment,tt8721424
Home Sweet Home Alone,Disney+ / 20th Century Studios,tt11012066
Apex,RLJE Films,tt13265876
The Power of the Dog,Netflix / BBC Film / See-Saw Films,tt10293406
Bruised,Netflix / Thunder Road Films,tt8310474
The Princess Switch 3: Romancing the Star,Netflix,tt14731142
Ghostbusters: Afterlife,Columbia Pictures / Bron Creative / Ghost Corps,tt4513678
King Richard,Warner Bros. Pictures / Westbrook Studios / HBO Max,tt9620288
Extinct,Netflix / Tencent Pictures,tt8241000
C'mon C'mon,A24,tt10986222
Black Friday,Screen Media Films,tt11649338
Zeros and Ones,Lionsgate,tt13432484
Friend of the World,Charybdis Pictures,tt6074542
Encanto,Walt Disney Pictures / Walt Disney Animation Studios,tt2953050
House of Gucci,Metro-Goldwyn-Mayer / Bron Creative / Scott Free Productions,tt11214590
The Unforgivable,Netflix / Fortis Films / GK Films,tt11233960
Resident Evil: Welcome to Raccoon City,Screen Gems / Constantin Film / Davis Films,tt6920084
8-Bit Christmas,HBO Max / Warner Bros. Pictures / New Line Cinema,tt11540284
The Humans,A24 / Showtime / IAC Films,tt10023286
Licorice Pizza,Metro-Goldwyn-Mayer / Focus Features / Bron Creative,tt11271038
Single All the Way,Netflix / Muse Entertainment,tt14315756
Diary of a Wimpy Kid,Disney+ / Walt Disney Pictures / Bardel Entertainment,tt1196141
Back to the Outback,Netflix / Netflix Animation,tt13575806
Encounter,Amazon Studios / Film4 / Raw,tt12800524
Mixtape,Netflix,tt1587420
Flee,Neon / Participant / Vice Studios,tt8430054
West Side Story,20th Century Studios / Amblin Entertainment / TSG Entertainment,tt3581652
Don't Look Up,Netflix / Hyperobject Industries,tt11286314
National Champions,STXfilms / Thunder Road Films,tt14547524
Being the Ricardos,Amazon Studios / Escape Artists,tt4995540
Red Rocket,A24 / FilmNation Entertainment,tt13453006
The Hating Game,Vertical Entertainment,tt8718158
Rumble,Paramount+ / Paramount Animation / WWE Studios / Walden Media,tt8337158
Spider-Man: No Way Home,Columbia Pictures / Marvel Studios,tt10872600
Nightmare Alley,Searchlight Pictures / TSG Entertainment,tt7740496
The Lost Daughter,Netflix / Endeavor Content,tt9100054
Cyrano,Metro-Goldwyn-Mayer / Bron Creative / Working Title Films,tt12889404
Swan Song,Apple TV+ / Apple Studios,tt13207508
The Tender Bar,Amazon Studios,tt3108894
Mother/Android,Hulu / Miramax,tt13029044
The Matrix Resurrections,Warner Bros. Pictures / Village Roadshow Pictures / HBO Max,tt10838180
Sing 2,Universal Pictures / Illumination,tt6467266
The King's Man,20th Century Studios / Marv Studios / TSG Entertainment,tt6856242
The Tragedy of Macbeth,Apple TV+ / A24 / IAC Films,tt10095582
A Journal for Jordan,Columbia Pictures / Escape Artists / Bron Studios,tt0995854
American Underdog,Lionsgate,tt11729298
Memoria,Neon,tt8399288
